{
  "Linear Baseline": {
    "MAE_test": [
      0.2849632086788462,
      0.2743075358623174,
      0.2878796574766267,
      0.27719030004118606,
      0.28270715942793256
    ],
    "MSE_test": [
      0.16026237503832144,
      0.1488460000685502,
      0.169738586432159,
      0.15479378086804194,
      0.15589786207678796
    ],
    "R2_test": [
      0.6642744307085744,
      0.6852879906068938,
      0.6763802188513162,
      0.6849090439719343,
      0.6870232117563031
    ],
    "MAE_train": [
      0.27353851884856933,
      0.2748475023029883,
      0.27339840401226434,
      0.273563857731383,
      0.2738735324380451
    ],
    "MSE_train": [
      0.14716409850841303,
      0.14901341595299025,
      0.1467845319189867,
      0.14623804682563749,
      0.1469728650456225
    ],
    "R2_train": [
      0.6917936170842975,
      0.6882184125675095,
      0.6916120169992235,
      0.6922697817493606,
      0.6901627152726708
    ]
  },
  "Ridge": {
    "MAE_test": [
      0.2876981414428491,
      0.2748289494833689,
      0.2926562537159808,
      0.28006816801632073,
      0.284947548258117
    ],
    "MSE_test": [
      0.16231789636496477,
      0.1463798179433539,
      0.17238557946823752,
      0.15584334894516388,
      0.15928884223430018
    ],
    "R2_test": [
      0.6599684227175346,
      0.6905023539877873,
      0.6713335213086793,
      0.6827725924492545,
      0.680215561769586
    ],
    "MAE_train": [
      0.280797260235019,
      0.2812915871323413,
      0.28038912936466415,
      0.2811977879348988,
      0.2807091082592084
    ],
    "MSE_train": [
      0.1540240353958315,
      0.15475066337575932,
      0.15345082069798535,
      0.15439240567940166,
      0.15407405709645525
    ],
    "R2_train": [
      0.6775164584200368,
      0.6761640251938594,
      0.6770194433474233,
      0.6762408461306479,
      0.6766853881935322
    ]
  },
  "Gradient Boost": {
    "MAE_test": [
      0.2555339910723119,
      0.243627518881463,
      0.2565194670220791,
      0.255046243332733,
      0.25590741961708374
    ],
    "MSE_test": [
      0.13838295469254092,
      0.1171820344949661,
      0.14054610900664075,
      0.1311384300003437,
      0.1315350432062755
    ],
    "R2_test": [
      0.7101085252650611,
      0.752236583289448,
      0.7320379414364514,
      0.7330607660778526,
      0.7359334193825001
    ],
    "MAE_train": [
      0.1731182880085643,
      0.2166141194743142,
      0.1840765336339541,
      0.23074831695040618,
      0.19710812479247863
    ],
    "MSE_train": [
      0.05619150884902178,
      0.08915520127638872,
      0.06394412854523482,
      0.10260361128425403,
      0.07434178480783621
    ],
    "R2_train": [
      0.8823505907127739,
      0.8134310969364182,
      0.865411536163423,
      0.7848413707452069,
      0.843998491705204
    ]
  },
  "KMeans+Ridge": {
    "MAE_test": [],
    "MSE_test": [],
    "R2_test": [],
    "MAE_train": [],
    "MSE_train": [],
    "R2_train": []
  },
  "SVR": {
    "MAE_test": [],
    "MSE_test": [],
    "R2_test": [],
    "MAE_train": [],
    "MSE_train": [],
    "R2_train": []
  },
  "Neural Net": {
    "MAE_test": [],
    "MSE_test": [],
    "R2_test": [],
    "MAE_train": [],
    "MSE_train": [],
    "R2_train": []
  }
}