{
  "MAE_test": [
    0.2849632086788462,
    0.2743075358623174,
    0.2878796574766267,
    0.27719030004118606,
    0.28270715942793256,
    0.279481973282546,
    0.27942574735288983,
    0.28792024432138447,
    0.27382684104609595,
    0.2754789254516811
  ],
  "MSE_test": [
    0.16026237503832144,
    0.1488460000685502,
    0.169738586432159,
    0.15479378086804194,
    0.15589786207678796,
    0.15212232510370627,
    0.14603013437012388,
    0.6541753235589127,
    0.14372571235385487,
    0.14211308617743118
  ],
  "R2_test": [
    0.6642744307085744,
    0.6852879906068938,
    0.6763802188513162,
    0.6849090439719343,
    0.6870232117563031,
    0.6837386559682731,
    0.6951685201332696,
    -0.34917235629537036,
    0.6877356917192081,
    0.6877546852081524
  ],
  "MAE_train": [
    0.27353851884856933,
    0.2748475023029883,
    0.27339840401226434,
    0.273563857731383,
    0.2738735324380451,
    0.27364976836150595,
    0.2745176898430505,
    0.2739668813478457,
    0.2739233142743604,
    0.2740284413626015
  ],
  "MSE_train": [
    0.14716409850841303,
    0.14901341595299025,
    0.1467845319189867,
    0.14623804682563749,
    0.1469728650456225,
    0.14655139174895945,
    0.14917810528115863,
    0.14808621706645336,
    0.14815571486438966,
    0.1478861474880439
  ],
  "R2_train": [
    0.6917936170842975,
    0.6882184125675095,
    0.6916120169992235,
    0.6922697817493606,
    0.6901627152726708,
    0.692259868963194,
    0.689114842173408,
    0.6902182159220671,
    0.6907638621815465,
    0.6913473712556291
  ]
}