{
  "MAE_test": [
    0.2572891375272989,
    0.2432899123950285,
    0.2525128485183317,
    0.2505419614182498,
    0.25084192315927684,
    0.25837585434573834,
    0.24346989643643635,
    0.2471614308889077,
    0.25382565390309797,
    0.24684538292042338
  ],
  "MSE_test": [
    0.13892155113256874,
    0.1186574699655706,
    0.13907138102322902,
    0.1273984422836316,
    0.12656142534488293,
    0.13462148682659061,
    0.11304371937857514,
    0.11428541206477535,
    0.12754900667480593,
    0.11742063935548992
  ],
  "R2_test": [
    0.7089802467380304,
    0.7491170015642423,
    0.7348496247270759,
    0.7406737095603599,
    0.745918334656344,
    0.7201227871694575,
    0.7640262099569742,
    0.7642975619337399,
    0.7228818581664026,
    0.7420079636238487
  ],
  "MAE_train": [
    0.2151197915577691,
    0.18635946982676538,
    0.15300260754715841,
    0.1649622879448995,
    0.18519793083202685,
    0.2081484781338667,
    0.19070207254706387,
    0.21119295662893037,
    0.1738258257139132,
    0.1473815628472882
  ],
  "MSE_train": [
    0.08767753055414,
    0.06585845812186886,
    0.044311865633253386,
    0.05252307215825654,
    0.06469817969097011,
    0.08182694865889285,
    0.0701434916780644,
    0.08525153672533602,
    0.05607674807701848,
    0.041848583931959005
  ],
  "R2_train": [
    0.8164276082143883,
    0.862182574730949,
    0.9067331737722647,
    0.8898597031003788,
    0.8642349838410768,
    0.8286144722584934,
    0.8531158713826379,
    0.821362326799459,
    0.8828162388708901,
    0.912596157900672
  ]
}