{
  "MAE_test": [
    0.2876875876248731,
    0.27481616199645575,
    0.29263542613380317,
    0.2800777267797333,
    0.28494754711324993,
    0.28369712258642266,
    0.28268113756952107,
    0.27444003516339616,
    0.27764566165312926,
    0.2754301332769093
  ],
  "MSE_test": [
    0.16231021525013373,
    0.14637652037817694,
    0.17236035860107918,
    0.1559164882510695,
    0.15928884072646202,
    0.15563280423290254,
    0.1459880308046889,
    0.14134334908779828,
    0.14719023842115272,
    0.14249242705869256
  ],
  "R2_test": [
    0.6599845134977246,
    0.6905093261829585,
    0.6713816068482241,
    0.6826237135105025,
    0.6802155647966854,
    0.6764403922398028,
    0.6952564094734703,
    0.7084932242659098,
    0.6802085219580869,
    0.6869212122601722
  ],
  "MAE_train": [
    0.2807892963699297,
    0.2812879129834404,
    0.2803785408869759,
    0.28124726417265367,
    0.28070910631582435,
    0.2807573229350556,
    0.2810005746646118,
    0.2812534008059017,
    0.2811005554872794,
    0.281348067123293
  ],
  "MSE_train": [
    0.15401765018655572,
    0.15474849743739294,
    0.15344278772873526,
    0.154430583093679,
    0.154074056015402,
    0.15426551894251223,
    0.15485400142224715,
    0.15502150552379396,
    0.15471474884092135,
    0.15500360577475772
  ],
  "R2_train": [
    0.6775298272744217,
    0.6761685577027802,
    0.6770363509981492,
    0.6761607885184295,
    0.6766853904620538,
    0.6768927864279283,
    0.675727647459962,
    0.6751650221621714,
    0.6766920908747406,
    0.6762635814394397
  ]
}