{
  "MAE_test": [
    0.2825736385410352,
    0.2724046283371722,
    0.2883183890743298,
    0.2737712102778875,
    0.28268061769023456,
    0.2806974262616041,
    0.2744662439245057,
    0.27254153726222674,
    0.27116379508696614,
    0.2694766306230177
  ],
  "MSE_test": [
    0.15857939711341912,
    0.1426971897796009,
    0.16732491639392932,
    0.14977670496258108,
    0.15349848769496394,
    0.15254444675990564,
    0.13729787402565571,
    0.1395676065016052,
    0.14175313303464396,
    0.13753511579665872
  ],
  "R2_test": [
    0.6678000163103579,
    0.6982887057119087,
    0.6809820680003852,
    0.695121568239073,
    0.6918401379014969,
    0.6828610677362795,
    0.7133967293646539,
    0.7121555189488616,
    0.6920213975024981,
    0.6978132226806788
  ],
  "MAE_train": [
    0.26512153980295816,
    0.2663168594929395,
    0.2733724721824699,
    0.2702717051991514,
    0.2655687034310941,
    0.27152354669878814,
    0.27066263582560407,
    0.2715371349625217,
    0.26809201094124036,
    0.27007501304987624
  ],
  "MSE_train": [
    0.13739791488700367,
    0.13853243231584292,
    0.14586658935806354,
    0.14297385886651295,
    0.13835044866774196,
    0.1445108660885733,
    0.14355722985782737,
    0.1444087589008202,
    0.14066236996094467,
    0.14232814375179506
  ],
  "R2_train": [
    0.7123269359577988,
    0.7101027919193141,
    0.6929825985055893,
    0.7001854115274397,
    0.7096803806739587,
    0.6973237856856016,
    0.69938367609117,
    0.6974031710075458,
    0.7060573922953093,
    0.7027372151230156
  ]
}