{
  "MAE_test": [
    0.28594058765431957,
    0.27583676898608006,
    0.28775664035862464,
    0.2795952927820282,
    0.27504128686009455,
    0.2699880114726633
  ],
  "MSE_test": [
    0.15920402890676133,
    0.14575293281837823,
    0.16512329054359484,
    0.15358698992009961,
    0.14972009683438936,
    0.13434019864317884
  ],
  "R2_test": [
    0.6664915066594357,
    0.691827806316025,
    0.685179638457597,
    0.6873655309921545,
    0.6994255442728139,
    0.7229365342572676
  ],
  "MAE_train": [
    0.26784858107566833,
    0.2620212733745575,
    0.2672022879123688,
    0.26203545928001404,
    0.26315635442733765,
    0.260890394449234
  ],
  "MSE_train": [
    0.13613316416740417,
    0.1320493072271347,
    0.13595396280288696,
    0.1316659152507782,
    0.13355787098407745,
    0.13150586187839508
  ],
  "R2_train": [
    0.7149749994277954,
    0.7236695885658264,
    0.7138465642929077,
    0.7238980531692505,
    0.7197372913360596,
    0.7244401574134827
  ]
}